"","genotype","celltype","count","proportion","time_point"
"1","ARX","ESC",201,1,"D-1"
"2","BCOR","ESC",123,1,"D-1"
"3","BMPR1A","ESC",235,1,"D-1"
"4","FOXA1","ESC",489,1,"D-1"
"5","FOXA2","ESC",708,0.998589562764457,"D-1"
"6","FOXA2","Mesenchymal_Stromal",1,0.00141043723554302,"D-1"
"7","GATA4","ESC",469,0.99154334038055,"D-1"
"8","GATA4","DE",2,0.00422832980972516,"D-1"
"9","GATA4","Mesenchymal_Stromal",2,0.00422832980972516,"D-1"
"10","GATA4het","ESC",339,0.991228070175439,"D-1"
"11","GATA4het","DE",2,0.00584795321637427,"D-1"
"12","GATA4het","Mesenchymal_Stromal",1,0.00292397660818713,"D-1"
"13","GATA6","ESC",311,1,"D-1"
"14","GATA6het","ESC",540,0.996309963099631,"D-1"
"15","GATA6het","DE",1,0.0018450184501845,"D-1"
"16","GATA6het","Mesenchymal_Stromal",1,0.0018450184501845,"D-1"
"17","GLIS3","ESC",508,1,"D-1"
"18","GSC","ESC",376,1,"D-1"
"19","HHEX","ESC",548,0.998178506375228,"D-1"
"20","HHEX","Mesenchymal_Stromal",1,0.00182149362477231,"D-1"
"21","HHEXe","ESC",389,1,"D-1"
"22","HHEXhet","ESC",130,1,"D-1"
"23","HNF4A","ESC",141,1,"D-1"
"24","HNF4Ahet","ESC",120,0.991735537190083,"D-1"
"25","HNF4Ahet","DE",1,0.00826446280991736,"D-1"
"26","KDM2B","ESC",86,1,"D-1"
"27","MNX1","ESC",534,0.998130841121495,"D-1"
"28","MNX1","Mesenchymal_Stromal",1,0.00186915887850467,"D-1"
"29","NANOGehet","ESC",234,0.995744680851064,"D-1"
"30","NANOGehet","DE",1,0.00425531914893617,"D-1"
"31","NEUROD1","ESC",307,1,"D-1"
"32","NGN3","ESC",224,1,"D-1"
"33","NKX2-2","ESC",609,0.998360655737705,"D-1"
"34","NKX2-2","Mesenchymal_Stromal",1,0.00163934426229508,"D-1"
"35","ONECUT1e","ESC",654,0.998473282442748,"D-1"
"36","ONECUT1e","DE",1,0.00152671755725191,"D-1"
"37","OTUD5","ESC",868,0.994272623138603,"D-1"
"38","OTUD5","DE",5,0.00572737686139748,"D-1"
"39","PAX6","ESC",348,1,"D-1"
"40","PBX1","ESC",253,1,"D-1"
"41","PDX1","ESC",736,0.997289972899729,"D-1"
"42","PDX1","DE",1,0.0013550135501355,"D-1"
"43","PDX1","Mesenchymal_Stromal",1,0.0013550135501355,"D-1"
"44","PDX1het","ESC",320,1,"D-1"
"45","PROSER1","ESC",173,1,"D-1"
"46","QSER1","ESC",248,1,"D-1"
"47","QSER1TET1","ESC",263,1,"D-1"
"48","RFX6","ESC",608,0.99672131147541,"D-1"
"49","RFX6","DE",1,0.00163934426229508,"D-1"
"50","RFX6","Mesenchymal_Stromal",1,0.00163934426229508,"D-1"
"51","TADA2B","ESC",209,0.985849056603774,"D-1"
"52","TADA2B","Mesenchymal_Stromal",3,0.0141509433962264,"D-1"
"53","TET1","ESC",165,1,"D-1"
"54","TET1/2/3","ESC",249,0.97265625,"D-1"
"55","TET1/2/3","Mesenchymal_Stromal",7,0.02734375,"D-1"
"56","TLE3","ESC",227,1,"D-1"
"57","WT","ESC_DE",2095,0.748749106504646,"D-1"
"58","WT","ESC",671,0.239814152966405,"D-1"
"59","WT","SC-alpha",7,0.00250178699070765,"D-1"
"60","WT","EnP",6,0.00214438884917798,"D-1"
"61","WT","SC-EC",6,0.00214438884917798,"D-1"
"62","WT","PP",4,0.00142959256611866,"D-1"
"63","WT","Ductal",3,0.00107219442458899,"D-1"
"64","WT","DE",2,0.000714796283059328,"D-1"
"65","WT","PFG",1,0.000357398141529664,"D-1"
"66","WT","Mesenchymal_Stromal",1,0.000357398141529664,"D-1"
"67","WT","Stromal",1,0.000357398141529664,"D-1"
"68","WT","Liver",1,0.000357398141529664,"D-1"
"69","ARX","DE",421,0.83201581027668,"D3"
"70","ARX","ESC_DE",54,0.106719367588933,"D3"
"71","ARX","ESC",31,0.0612648221343874,"D3"
"72","BCOR","DE",140,0.89171974522293,"D3"
"73","BCOR","ESC",9,0.0573248407643312,"D3"
"74","BCOR","ESC_DE",8,0.0509554140127389,"D3"
"75","BMPR1A","DE",207,0.781132075471698,"D3"
"76","BMPR1A","ESC_DE",30,0.113207547169811,"D3"
"77","BMPR1A","ESC",27,0.10188679245283,"D3"
"78","BMPR1A","Mesenchymal_Stromal",1,0.00377358490566038,"D3"
"79","FOXA1","DE",1012,0.783888458559256,"D3"
"80","FOXA1","ESC_DE",208,0.161115414407436,"D3"
"81","FOXA1","ESC",68,0.0526723470178156,"D3"
"82","FOXA1","Mesenchymal_Stromal",3,0.00232378001549187,"D3"
"83","FOXA2","DE",700,0.726141078838174,"D3"
"84","FOXA2","ESC_DE",146,0.151452282157676,"D3"
"85","FOXA2","ESC",118,0.122406639004149,"D3"
"86","GATA4","DE",386,0.77979797979798,"D3"
"87","GATA4","ESC_DE",68,0.137373737373737,"D3"
"88","GATA4","ESC",41,0.0828282828282828,"D3"
"89","GATA4het","DE",375,0.78781512605042,"D3"
"90","GATA4het","ESC_DE",71,0.149159663865546,"D3"
"91","GATA4het","ESC",30,0.0630252100840336,"D3"
"92","GATA6","DE",265,0.54639175257732,"D3"
"93","GATA6","ESC_DE",152,0.31340206185567,"D3"
"94","GATA6","ESC",67,0.138144329896907,"D3"
"95","GATA6","Mesenchymal_Stromal",1,0.00206185567010309,"D3"
"96","GATA6het","DE",490,0.681502086230876,"D3"
"97","GATA6het","ESC_DE",124,0.172461752433936,"D3"
"98","GATA6het","ESC",104,0.144645340751043,"D3"
"99","GATA6het","PFG",1,0.00139082058414465,"D3"
"100","GLIS3","DE",137,0.913333333333333,"D3"
"101","GLIS3","ESC",7,0.0466666666666667,"D3"
"102","GLIS3","ESC_DE",6,0.04,"D3"
"103","GSC","ESC_DE",303,0.538188277087034,"D3"
"104","GSC","DE",216,0.383658969804618,"D3"
"105","GSC","ESC",42,0.0746003552397869,"D3"
"106","GSC","Mesenchymal_Stromal",2,0.00355239786856128,"D3"
"107","HHEX","DE",209,0.696666666666667,"D3"
"108","HHEX","ESC_DE",58,0.193333333333333,"D3"
"109","HHEX","ESC",31,0.103333333333333,"D3"
"110","HHEX","Mesenchymal_Stromal",2,0.00666666666666667,"D3"
"111","HHEXe","DE",352,0.794582392776524,"D3"
"112","HHEXe","ESC_DE",68,0.153498871331828,"D3"
"113","HHEXe","ESC",23,0.0519187358916479,"D3"
"114","HHEXhet","DE",103,0.741007194244604,"D3"
"115","HHEXhet","ESC_DE",32,0.23021582733813,"D3"
"116","HHEXhet","ESC",4,0.0287769784172662,"D3"
"117","HNF4A","DE",161,0.829896907216495,"D3"
"118","HNF4A","ESC_DE",25,0.128865979381443,"D3"
"119","HNF4A","ESC",8,0.0412371134020619,"D3"
"120","HNF4Ahet","DE",104,0.732394366197183,"D3"
"121","HNF4Ahet","ESC_DE",24,0.169014084507042,"D3"
"122","HNF4Ahet","ESC",13,0.0915492957746479,"D3"
"123","HNF4Ahet","Mesenchymal_Stromal",1,0.00704225352112676,"D3"
"124","KDM2B","DE",47,0.824561403508772,"D3"
"125","KDM2B","ESC",6,0.105263157894737,"D3"
"126","KDM2B","ESC_DE",4,0.0701754385964912,"D3"
"127","MNX1","DE",898,0.770154373927959,"D3"
"128","MNX1","ESC_DE",180,0.154373927958834,"D3"
"129","MNX1","ESC",87,0.0746140651801029,"D3"
"130","MNX1","PFG",1,0.000857632933104631,"D3"
"131","NANOGehet","DE",193,0.941463414634146,"D3"
"132","NANOGehet","ESC",8,0.0390243902439024,"D3"
"133","NANOGehet","ESC_DE",4,0.0195121951219512,"D3"
"134","NEUROD1","DE",399,0.832985386221294,"D3"
"135","NEUROD1","ESC_DE",56,0.116910229645094,"D3"
"136","NEUROD1","ESC",21,0.0438413361169102,"D3"
"137","NEUROD1","Mesenchymal_Stromal",2,0.00417536534446764,"D3"
"138","NEUROD1","PFG",1,0.00208768267223382,"D3"
"139","NGN3","DE",228,0.791666666666667,"D3"
"140","NGN3","ESC_DE",44,0.152777777777778,"D3"
"141","NGN3","ESC",15,0.0520833333333333,"D3"
"142","NGN3","Mesenchymal_Stromal",1,0.00347222222222222,"D3"
"143","NKX2-2","DE",783,0.845572354211663,"D3"
"144","NKX2-2","ESC_DE",91,0.0982721382289417,"D3"
"145","NKX2-2","ESC",47,0.050755939524838,"D3"
"146","NKX2-2","Mesenchymal_Stromal",5,0.00539956803455724,"D3"
"147","ONECUT1e","DE",281,0.743386243386243,"D3"
"148","ONECUT1e","ESC_DE",53,0.14021164021164,"D3"
"149","ONECUT1e","ESC",43,0.113756613756614,"D3"
"150","ONECUT1e","Mesenchymal_Stromal",1,0.00264550264550265,"D3"
"151","OTUD5","DE",629,0.867586206896552,"D3"
"152","OTUD5","ESC_DE",57,0.0786206896551724,"D3"
"153","OTUD5","ESC",37,0.0510344827586207,"D3"
"154","OTUD5","PFG",1,0.00137931034482759,"D3"
"155","OTUD5","Mesenchymal_Stromal",1,0.00137931034482759,"D3"
"156","PAX6","DE",350,0.855745721271394,"D3"
"157","PAX6","ESC_DE",34,0.0831295843520782,"D3"
"158","PAX6","ESC",23,0.0562347188264059,"D3"
"159","PAX6","Mesenchymal_Stromal",2,0.00488997555012225,"D3"
"160","PBX1","DE",74,0.948717948717949,"D3"
"161","PBX1","ESC",3,0.0384615384615385,"D3"
"162","PBX1","ESC_DE",1,0.0128205128205128,"D3"
"163","PDX1","DE",564,0.905296950240771,"D3"
"164","PDX1","ESC_DE",36,0.057784911717496,"D3"
"165","PDX1","ESC",21,0.0337078651685393,"D3"
"166","PDX1","PFG",1,0.00160513643659711,"D3"
"167","PDX1","Mesenchymal_Stromal",1,0.00160513643659711,"D3"
"168","PDX1het","DE",27,0.931034482758621,"D3"
"169","PDX1het","ESC",2,0.0689655172413793,"D3"
"170","PROSER1","DE",413,0.851546391752577,"D3"
"171","PROSER1","ESC_DE",47,0.0969072164948454,"D3"
"172","PROSER1","ESC",24,0.0494845360824742,"D3"
"173","PROSER1","Mesenchymal_Stromal",1,0.00206185567010309,"D3"
"174","QSER1","DE",296,0.785145888594164,"D3"
"175","QSER1","ESC_DE",54,0.143236074270557,"D3"
"176","QSER1","ESC",27,0.0716180371352785,"D3"
"177","QSER1TET1","DE",396,0.825,"D3"
"178","QSER1TET1","ESC_DE",49,0.102083333333333,"D3"
"179","QSER1TET1","ESC",33,0.06875,"D3"
"180","QSER1TET1","EnP",1,0.00208333333333333,"D3"
"181","QSER1TET1","Stromal",1,0.00208333333333333,"D3"
"182","RFX6","DE",643,0.852785145888594,"D3"
"183","RFX6","ESC_DE",76,0.10079575596817,"D3"
"184","RFX6","ESC",32,0.0424403183023873,"D3"
"185","RFX6","Mesenchymal_Stromal",3,0.00397877984084881,"D3"
"186","TADA2B","DE",115,0.877862595419847,"D3"
"187","TADA2B","ESC",11,0.083969465648855,"D3"
"188","TADA2B","ESC_DE",3,0.0229007633587786,"D3"
"189","TADA2B","Mesenchymal_Stromal",2,0.0152671755725191,"D3"
"190","TET1","DE",329,0.854545454545454,"D3"
"191","TET1","ESC_DE",40,0.103896103896104,"D3"
"192","TET1","ESC",16,0.0415584415584416,"D3"
"193","TET1/2/3","DE",112,0.941176470588235,"D3"
"194","TET1/2/3","ESC_DE",3,0.0252100840336134,"D3"
"195","TET1/2/3","ESC",2,0.0168067226890756,"D3"
"196","TET1/2/3","Mesenchymal_Stromal",2,0.0168067226890756,"D3"
"197","TLE3","DE",260,0.728291316526611,"D3"
"198","TLE3","ESC_DE",74,0.207282913165266,"D3"
"199","TLE3","ESC",22,0.061624649859944,"D3"
"200","TLE3","Mesenchymal_Stromal",1,0.00280112044817927,"D3"
"201","WT","DE",2649,0.925576519916143,"D3"
"202","WT","ESC_DE",144,0.050314465408805,"D3"
"203","WT","ESC",49,0.017120894479385,"D3"
"204","WT","Mesenchymal_Stromal",6,0.00209643605870021,"D3"
"205","WT","EnP",4,0.00139762403913347,"D3"
"206","WT","Stromal",4,0.00139762403913347,"D3"
"207","WT","SC-alpha",2,0.000698812019566737,"D3"
"208","WT","SC-beta",2,0.000698812019566737,"D3"
"209","WT","SC-delta",1,0.000349406009783368,"D3"
"210","WT","Ductal",1,0.000349406009783368,"D3"
"211","ARX","Liver",212,0.361774744027304,"D7"
"212","ARX","PFG",209,0.356655290102389,"D7"
"213","ARX","Stromal",74,0.126279863481229,"D7"
"214","ARX","DE",47,0.0802047781569966,"D7"
"215","ARX","Endothelial",26,0.0443686006825939,"D7"
"216","ARX","ESC",18,0.0307167235494881,"D7"
"217","BCOR","Liver",94,0.552941176470588,"D7"
"218","BCOR","PFG",61,0.358823529411765,"D7"
"219","BCOR","DE",8,0.0470588235294118,"D7"
"220","BCOR","ESC",2,0.0117647058823529,"D7"
"221","BCOR","Stromal",2,0.0117647058823529,"D7"
"222","BCOR","Endothelial",2,0.0117647058823529,"D7"
"223","BCOR","Ductal",1,0.00588235294117647,"D7"
"224","BMPR1A","Stromal",20,0.240963855421687,"D7"
"225","BMPR1A","DE",16,0.192771084337349,"D7"
"226","BMPR1A","PFG",16,0.192771084337349,"D7"
"227","BMPR1A","Liver",15,0.180722891566265,"D7"
"228","BMPR1A","ESC_DE",6,0.072289156626506,"D7"
"229","BMPR1A","Ductal",6,0.072289156626506,"D7"
"230","BMPR1A","ESC",4,0.0481927710843374,"D7"
"231","FOXA1","PFG",579,0.499137931034483,"D7"
"232","FOXA1","Liver",435,0.375,"D7"
"233","FOXA1","Stromal",90,0.0775862068965517,"D7"
"234","FOXA1","DE",22,0.0189655172413793,"D7"
"235","FOXA1","Endothelial",15,0.0129310344827586,"D7"
"236","FOXA1","ESC",14,0.0120689655172414,"D7"
"237","FOXA1","Mesenchymal_Stromal",3,0.00258620689655172,"D7"
"238","FOXA1","PP",2,0.00172413793103448,"D7"
"239","FOXA2","Liver",1389,0.67921760391198,"D7"
"240","FOXA2","Endothelial",310,0.15158924205379,"D7"
"241","FOXA2","PFG",192,0.0938875305623472,"D7"
"242","FOXA2","Stromal",98,0.047921760391198,"D7"
"243","FOXA2","DE",38,0.0185819070904645,"D7"
"244","FOXA2","ESC",15,0.00733496332518337,"D7"
"245","FOXA2","PP",1,0.000488997555012225,"D7"
"246","FOXA2","Ductal",1,0.000488997555012225,"D7"
"247","FOXA2","Mesenchymal_Stromal",1,0.000488997555012225,"D7"
"248","GATA4","PFG",30,0.283018867924528,"D7"
"249","GATA4","Liver",25,0.235849056603774,"D7"
"250","GATA4","Stromal",24,0.226415094339623,"D7"
"251","GATA4","DE",13,0.122641509433962,"D7"
"252","GATA4","Ductal",8,0.0754716981132075,"D7"
"253","GATA4","Endothelial",3,0.0283018867924528,"D7"
"254","GATA4","ESC",2,0.0188679245283019,"D7"
"255","GATA4","PP",1,0.00943396226415094,"D7"
"256","GATA4het","PFG",89,0.375527426160338,"D7"
"257","GATA4het","Liver",66,0.278481012658228,"D7"
"258","GATA4het","Stromal",64,0.270042194092827,"D7"
"259","GATA4het","Ductal",7,0.029535864978903,"D7"
"260","GATA4het","Endothelial",5,0.0210970464135021,"D7"
"261","GATA4het","DE",4,0.0168776371308017,"D7"
"262","GATA4het","ESC",1,0.00421940928270042,"D7"
"263","GATA4het","Mesenchymal_Stromal",1,0.00421940928270042,"D7"
"264","GATA6","Endothelial",282,0.764227642276423,"D7"
"265","GATA6","Stromal",33,0.0894308943089431,"D7"
"266","GATA6","Liver",26,0.0704607046070461,"D7"
"267","GATA6","PFG",18,0.0487804878048781,"D7"
"268","GATA6","ESC",6,0.016260162601626,"D7"
"269","GATA6","DE",3,0.00813008130081301,"D7"
"270","GATA6","Ductal",1,0.002710027100271,"D7"
"271","GATA6het","PFG",83,0.356223175965665,"D7"
"272","GATA6het","Liver",82,0.351931330472103,"D7"
"273","GATA6het","Stromal",31,0.133047210300429,"D7"
"274","GATA6het","Endothelial",19,0.0815450643776824,"D7"
"275","GATA6het","DE",13,0.055793991416309,"D7"
"276","GATA6het","ESC",3,0.0128755364806867,"D7"
"277","GATA6het","PP",2,0.00858369098712446,"D7"
"278","GLIS3","PFG",39,0.582089552238806,"D7"
"279","GLIS3","Liver",20,0.298507462686567,"D7"
"280","GLIS3","DE",3,0.0447761194029851,"D7"
"281","GLIS3","Stromal",3,0.0447761194029851,"D7"
"282","GLIS3","ESC",1,0.0149253731343284,"D7"
"283","GLIS3","Endothelial",1,0.0149253731343284,"D7"
"284","GSC","Stromal",90,0.463917525773196,"D7"
"285","GSC","Liver",49,0.252577319587629,"D7"
"286","GSC","PFG",39,0.201030927835052,"D7"
"287","GSC","Endothelial",11,0.0567010309278351,"D7"
"288","GSC","ESC",2,0.0103092783505155,"D7"
"289","GSC","DE",2,0.0103092783505155,"D7"
"290","GSC","Ductal",1,0.00515463917525773,"D7"
"291","HHEX","Liver",96,0.64,"D7"
"292","HHEX","Stromal",25,0.166666666666667,"D7"
"293","HHEX","DE",11,0.0733333333333333,"D7"
"294","HHEX","PFG",10,0.0666666666666667,"D7"
"295","HHEX","ESC",5,0.0333333333333333,"D7"
"296","HHEX","Endothelial",3,0.02,"D7"
"297","HHEXe","Liver",152,0.658008658008658,"D7"
"298","HHEXe","PFG",39,0.168831168831169,"D7"
"299","HHEXe","Stromal",31,0.134199134199134,"D7"
"300","HHEXe","DE",3,0.012987012987013,"D7"
"301","HHEXe","Endothelial",3,0.012987012987013,"D7"
"302","HHEXe","Mesenchymal_Stromal",2,0.00865800865800866,"D7"
"303","HHEXe","ESC",1,0.00432900432900433,"D7"
"304","HHEXhet","Liver",9,0.473684210526316,"D7"
"305","HHEXhet","Stromal",4,0.210526315789474,"D7"
"306","HHEXhet","PFG",3,0.157894736842105,"D7"
"307","HHEXhet","Endothelial",2,0.105263157894737,"D7"
"308","HHEXhet","DE",1,0.0526315789473684,"D7"
"309","HNF4A","PFG",72,0.6,"D7"
"310","HNF4A","Liver",25,0.208333333333333,"D7"
"311","HNF4A","Stromal",17,0.141666666666667,"D7"
"312","HNF4A","ESC",2,0.0166666666666667,"D7"
"313","HNF4A","PP",2,0.0166666666666667,"D7"
"314","HNF4A","DE",1,0.00833333333333333,"D7"
"315","HNF4A","Endothelial",1,0.00833333333333333,"D7"
"316","HNF4Ahet","PFG",53,0.557894736842105,"D7"
"317","HNF4Ahet","Liver",27,0.284210526315789,"D7"
"318","HNF4Ahet","Stromal",7,0.0736842105263158,"D7"
"319","HNF4Ahet","DE",5,0.0526315789473684,"D7"
"320","HNF4Ahet","Ductal",2,0.0210526315789474,"D7"
"321","HNF4Ahet","Endothelial",1,0.0105263157894737,"D7"
"322","KDM2B","Liver",5,0.454545454545455,"D7"
"323","KDM2B","PFG",3,0.272727272727273,"D7"
"324","KDM2B","ESC",1,0.0909090909090909,"D7"
"325","KDM2B","DE",1,0.0909090909090909,"D7"
"326","KDM2B","Endothelial",1,0.0909090909090909,"D7"
"327","MNX1","PFG",524,0.443691786621507,"D7"
"328","MNX1","Liver",350,0.296359017781541,"D7"
"329","MNX1","Stromal",196,0.165961049957663,"D7"
"330","MNX1","DE",60,0.0508044030482642,"D7"
"331","MNX1","ESC",22,0.0186282811176969,"D7"
"332","MNX1","Endothelial",22,0.0186282811176969,"D7"
"333","MNX1","Mesenchymal_Stromal",5,0.00423370025402202,"D7"
"334","MNX1","ESC_DE",1,0.000846740050804403,"D7"
"335","MNX1","PP",1,0.000846740050804403,"D7"
"336","NANOGehet","PFG",64,0.65979381443299,"D7"
"337","NANOGehet","Liver",27,0.278350515463918,"D7"
"338","NANOGehet","DE",3,0.0309278350515464,"D7"
"339","NANOGehet","Stromal",2,0.0206185567010309,"D7"
"340","NANOGehet","ESC",1,0.0103092783505155,"D7"
"341","NEUROD1","PFG",183,0.4765625,"D7"
"342","NEUROD1","Liver",160,0.416666666666667,"D7"
"343","NEUROD1","Stromal",17,0.0442708333333333,"D7"
"344","NEUROD1","DE",12,0.03125,"D7"
"345","NEUROD1","ESC",6,0.015625,"D7"
"346","NEUROD1","PP",3,0.0078125,"D7"
"347","NEUROD1","Endothelial",2,0.00520833333333333,"D7"
"348","NEUROD1","ESC_DE",1,0.00260416666666667,"D7"
"349","NGN3","PFG",121,0.521551724137931,"D7"
"350","NGN3","Liver",76,0.327586206896552,"D7"
"351","NGN3","Stromal",18,0.0775862068965517,"D7"
"352","NGN3","ESC",5,0.021551724137931,"D7"
"353","NGN3","DE",5,0.021551724137931,"D7"
"354","NGN3","Endothelial",4,0.0172413793103448,"D7"
"355","NGN3","ESC_DE",1,0.00431034482758621,"D7"
"356","NGN3","PGT",1,0.00431034482758621,"D7"
"357","NGN3","PP",1,0.00431034482758621,"D7"
"358","NKX2-2","PFG",541,0.516221374045801,"D7"
"359","NKX2-2","Liver",328,0.312977099236641,"D7"
"360","NKX2-2","Stromal",111,0.105916030534351,"D7"
"361","NKX2-2","DE",41,0.0391221374045802,"D7"
"362","NKX2-2","ESC",17,0.0162213740458015,"D7"
"363","NKX2-2","Endothelial",6,0.00572519083969466,"D7"
"364","NKX2-2","Ductal",2,0.00190839694656489,"D7"
"365","NKX2-2","PP",1,0.000954198473282443,"D7"
"366","NKX2-2","Mesenchymal_Stromal",1,0.000954198473282443,"D7"
"367","ONECUT1e","PFG",181,0.435096153846154,"D7"
"368","ONECUT1e","Liver",166,0.399038461538462,"D7"
"369","ONECUT1e","Stromal",39,0.09375,"D7"
"370","ONECUT1e","DE",23,0.0552884615384615,"D7"
"371","ONECUT1e","ESC",3,0.00721153846153846,"D7"
"372","ONECUT1e","Endothelial",2,0.00480769230769231,"D7"
"373","ONECUT1e","ESC_DE",1,0.00240384615384615,"D7"
"374","ONECUT1e","Ductal",1,0.00240384615384615,"D7"
"375","OTUD5","PFG",261,0.518886679920477,"D7"
"376","OTUD5","Liver",195,0.387673956262425,"D7"
"377","OTUD5","Stromal",21,0.0417495029821074,"D7"
"378","OTUD5","DE",13,0.025844930417495,"D7"
"379","OTUD5","Endothelial",8,0.0159045725646123,"D7"
"380","OTUD5","ESC",5,0.0099403578528827,"D7"
"381","PAX6","PFG",232,0.464929859719439,"D7"
"382","PAX6","Liver",182,0.364729458917836,"D7"
"383","PAX6","Stromal",42,0.0841683366733467,"D7"
"384","PAX6","DE",28,0.0561122244488978,"D7"
"385","PAX6","ESC",9,0.0180360721442886,"D7"
"386","PAX6","Endothelial",5,0.0100200400801603,"D7"
"387","PAX6","Mesenchymal_Stromal",1,0.00200400801603206,"D7"
"388","PBX1","Liver",41,0.366071428571429,"D7"
"389","PBX1","PFG",37,0.330357142857143,"D7"
"390","PBX1","Stromal",14,0.125,"D7"
"391","PBX1","DE",13,0.116071428571429,"D7"
"392","PBX1","ESC",4,0.0357142857142857,"D7"
"393","PBX1","Endothelial",3,0.0267857142857143,"D7"
"394","PDX1","PFG",249,0.503030303030303,"D7"
"395","PDX1","Liver",180,0.363636363636364,"D7"
"396","PDX1","DE",31,0.0626262626262626,"D7"
"397","PDX1","Stromal",16,0.0323232323232323,"D7"
"398","PDX1","ESC",10,0.0202020202020202,"D7"
"399","PDX1","Endothelial",6,0.0121212121212121,"D7"
"400","PDX1","ESC_DE",2,0.00404040404040404,"D7"
"401","PDX1","Ductal",1,0.00202020202020202,"D7"
"402","PDX1het","PFG",6,0.428571428571429,"D7"
"403","PDX1het","Liver",6,0.428571428571429,"D7"
"404","PDX1het","ESC",2,0.142857142857143,"D7"
"405","PROSER1","PFG",165,0.504587155963303,"D7"
"406","PROSER1","Liver",139,0.425076452599388,"D7"
"407","PROSER1","Stromal",17,0.0519877675840979,"D7"
"408","PROSER1","Endothelial",4,0.0122324159021407,"D7"
"409","PROSER1","ESC",1,0.00305810397553517,"D7"
"410","PROSER1","DE",1,0.00305810397553517,"D7"
"411","QSER1","PFG",67,0.45578231292517,"D7"
"412","QSER1","Liver",63,0.428571428571429,"D7"
"413","QSER1","Stromal",9,0.0612244897959184,"D7"
"414","QSER1","DE",4,0.0272108843537415,"D7"
"415","QSER1","Endothelial",2,0.0136054421768707,"D7"
"416","QSER1","ESC",1,0.00680272108843537,"D7"
"417","QSER1","Ductal",1,0.00680272108843537,"D7"
"418","QSER1TET1","Liver",59,0.487603305785124,"D7"
"419","QSER1TET1","PFG",42,0.347107438016529,"D7"
"420","QSER1TET1","Endothelial",8,0.0661157024793388,"D7"
"421","QSER1TET1","Stromal",7,0.0578512396694215,"D7"
"422","QSER1TET1","DE",3,0.0247933884297521,"D7"
"423","QSER1TET1","ESC",1,0.00826446280991736,"D7"
"424","QSER1TET1","Mesenchymal_Stromal",1,0.00826446280991736,"D7"
"425","RFX6","PFG",368,0.490666666666667,"D7"
"426","RFX6","Liver",256,0.341333333333333,"D7"
"427","RFX6","DE",60,0.08,"D7"
"428","RFX6","Stromal",37,0.0493333333333333,"D7"
"429","RFX6","ESC",17,0.0226666666666667,"D7"
"430","RFX6","Endothelial",9,0.012,"D7"
"431","RFX6","PP",1,0.00133333333333333,"D7"
"432","RFX6","Ductal",1,0.00133333333333333,"D7"
"433","RFX6","Mesenchymal_Stromal",1,0.00133333333333333,"D7"
"434","TADA2B","Liver",47,0.321917808219178,"D7"
"435","TADA2B","PFG",41,0.280821917808219,"D7"
"436","TADA2B","DE",35,0.23972602739726,"D7"
"437","TADA2B","ESC",11,0.0753424657534247,"D7"
"438","TADA2B","Stromal",11,0.0753424657534247,"D7"
"439","TADA2B","Endothelial",1,0.00684931506849315,"D7"
"440","TET1","PFG",151,0.515358361774744,"D7"
"441","TET1","Liver",114,0.389078498293515,"D7"
"442","TET1","Stromal",16,0.0546075085324232,"D7"
"443","TET1","DE",3,0.0102389078498294,"D7"
"444","TET1","PP",3,0.0102389078498294,"D7"
"445","TET1","Endothelial",3,0.0102389078498294,"D7"
"446","TET1","ESC",2,0.0068259385665529,"D7"
"447","TET1","Mesenchymal_Stromal",1,0.00341296928327645,"D7"
"448","TET1/2/3","PFG",45,0.5,"D7"
"449","TET1/2/3","Liver",28,0.311111111111111,"D7"
"450","TET1/2/3","Stromal",6,0.0666666666666667,"D7"
"451","TET1/2/3","DE",5,0.0555555555555556,"D7"
"452","TET1/2/3","ESC",4,0.0444444444444444,"D7"
"453","TET1/2/3","PP",1,0.0111111111111111,"D7"
"454","TET1/2/3","Endothelial",1,0.0111111111111111,"D7"
"455","TLE3","PFG",209,0.541450777202073,"D7"
"456","TLE3","Liver",129,0.33419689119171,"D7"
"457","TLE3","Stromal",33,0.0854922279792746,"D7"
"458","TLE3","DE",8,0.0207253886010363,"D7"
"459","TLE3","ESC",3,0.0077720207253886,"D7"
"460","TLE3","Endothelial",3,0.0077720207253886,"D7"
"461","TLE3","Mesenchymal_Stromal",1,0.00259067357512953,"D7"
"462","WT","PFG",2498,0.652901202300052,"D7"
"463","WT","Liver",1169,0.305541035023523,"D7"
"464","WT","Endothelial",41,0.0107161526398327,"D7"
"465","WT","Stromal",36,0.00940930475692629,"D7"
"466","WT","DE",27,0.00705697856769472,"D7"
"467","WT","PP",27,0.00705697856769472,"D7"
"468","WT","ESC",8,0.00209095661265029,"D7"
"469","WT","EnP",8,0.00209095661265029,"D7"
"470","WT","Ductal",4,0.00104547830632514,"D7"
"471","WT","SC-EC",2,0.000522739153162572,"D7"
"472","WT","SC-beta",2,0.000522739153162572,"D7"
"473","WT","Mesenchymal_Stromal",2,0.000522739153162572,"D7"
"474","WT","ESC_DE",1,0.000261369576581286,"D7"
"475","WT","PGT",1,0.000261369576581286,"D7"
"476","ARX","PP",149,0.425714285714286,"D11"
"477","ARX","EnP",98,0.28,"D11"
"478","ARX","Stromal",55,0.157142857142857,"D11"
"479","ARX","PFG",18,0.0514285714285714,"D11"
"480","ARX","Endothelial",10,0.0285714285714286,"D11"
"481","ARX","Liver",7,0.02,"D11"
"482","ARX","DE",6,0.0171428571428571,"D11"
"483","ARX","SC-delta",6,0.0171428571428571,"D11"
"484","ARX","Mesenchymal_Stromal",1,0.00285714285714286,"D11"
"485","BCOR","PP",91,0.771186440677966,"D11"
"486","BCOR","Liver",8,0.0677966101694915,"D11"
"487","BCOR","PFG",7,0.0593220338983051,"D11"
"488","BCOR","Mesenchymal_Stromal",4,0.0338983050847458,"D11"
"489","BCOR","Ductal",3,0.0254237288135593,"D11"
"490","BCOR","ESC",2,0.0169491525423729,"D11"
"491","BCOR","Endothelial",2,0.0169491525423729,"D11"
"492","BCOR","EnP",1,0.00847457627118644,"D11"
"493","BMPR1A","PP",29,0.333333333333333,"D11"
"494","BMPR1A","ESC_DE",19,0.218390804597701,"D11"
"495","BMPR1A","Stromal",18,0.206896551724138,"D11"
"496","BMPR1A","Ductal",11,0.126436781609195,"D11"
"497","BMPR1A","PFG",4,0.0459770114942529,"D11"
"498","BMPR1A","ESC",2,0.0229885057471264,"D11"
"499","BMPR1A","DE",1,0.0114942528735632,"D11"
"500","BMPR1A","Mesenchymal_Stromal",1,0.0114942528735632,"D11"
"501","BMPR1A","Endothelial",1,0.0114942528735632,"D11"
"502","BMPR1A","Liver",1,0.0114942528735632,"D11"
"503","FOXA1","PP",403,0.670549084858569,"D11"
"504","FOXA1","EnP",79,0.131447587354409,"D11"
"505","FOXA1","Stromal",46,0.0765391014975042,"D11"
"506","FOXA1","PFG",16,0.0266222961730449,"D11"
"507","FOXA1","SC-alpha",16,0.0266222961730449,"D11"
"508","FOXA1","Liver",12,0.0199667221297837,"D11"
"509","FOXA1","Mesenchymal_Stromal",9,0.0149750415973378,"D11"
"510","FOXA1","DE",7,0.0116472545757072,"D11"
"511","FOXA1","Ductal",7,0.0116472545757072,"D11"
"512","FOXA1","ESC",2,0.00332778702163062,"D11"
"513","FOXA1","SC-delta",2,0.00332778702163062,"D11"
"514","FOXA1","Endothelial",2,0.00332778702163062,"D11"
"515","FOXA2","Endothelial",78,0.282608695652174,"D11"
"516","FOXA2","Liver",69,0.25,"D11"
"517","FOXA2","PP",48,0.173913043478261,"D11"
"518","FOXA2","Stromal",45,0.16304347826087,"D11"
"519","FOXA2","EnP",16,0.0579710144927536,"D11"
"520","FOXA2","PFG",9,0.0326086956521739,"D11"
"521","FOXA2","SC-alpha",2,0.0072463768115942,"D11"
"522","FOXA2","SC-delta",2,0.0072463768115942,"D11"
"523","FOXA2","Ductal",2,0.0072463768115942,"D11"
"524","FOXA2","Mesenchymal_Stromal",2,0.0072463768115942,"D11"
"525","FOXA2","ESC_DE",1,0.0036231884057971,"D11"
"526","FOXA2","DE",1,0.0036231884057971,"D11"
"527","FOXA2","SC-EC",1,0.0036231884057971,"D11"
"528","GATA4","PP",53,0.509615384615385,"D11"
"529","GATA4","Ductal",18,0.173076923076923,"D11"
"530","GATA4","PFG",9,0.0865384615384615,"D11"
"531","GATA4","Stromal",8,0.0769230769230769,"D11"
"532","GATA4","Liver",7,0.0673076923076923,"D11"
"533","GATA4","DE",4,0.0384615384615385,"D11"
"534","GATA4","ESC",2,0.0192307692307692,"D11"
"535","GATA4","Mesenchymal_Stromal",2,0.0192307692307692,"D11"
"536","GATA4","Endothelial",1,0.00961538461538462,"D11"
"537","GATA4het","PP",148,0.666666666666667,"D11"
"538","GATA4het","Stromal",27,0.121621621621622,"D11"
"539","GATA4het","PFG",19,0.0855855855855856,"D11"
"540","GATA4het","Ductal",13,0.0585585585585586,"D11"
"541","GATA4het","Mesenchymal_Stromal",6,0.027027027027027,"D11"
"542","GATA4het","Liver",5,0.0225225225225225,"D11"
"543","GATA4het","Endothelial",3,0.0135135135135135,"D11"
"544","GATA4het","EnP",1,0.0045045045045045,"D11"
"545","GATA6","Endothelial",107,0.699346405228758,"D11"
"546","GATA6","PP",27,0.176470588235294,"D11"
"547","GATA6","Stromal",16,0.104575163398693,"D11"
"548","GATA6","Ductal",2,0.0130718954248366,"D11"
"549","GATA6","EnP",1,0.0065359477124183,"D11"
"550","GATA6het","PP",105,0.509708737864078,"D11"
"551","GATA6het","Stromal",79,0.383495145631068,"D11"
"552","GATA6het","Endothelial",6,0.029126213592233,"D11"
"553","GATA6het","Liver",5,0.0242718446601942,"D11"
"554","GATA6het","PFG",4,0.0194174757281553,"D11"
"555","GATA6het","Mesenchymal_Stromal",3,0.0145631067961165,"D11"
"556","GATA6het","DE",2,0.00970873786407767,"D11"
"557","GATA6het","Ductal",2,0.00970873786407767,"D11"
"558","GLIS3","PP",38,0.808510638297872,"D11"
"559","GLIS3","EnP",3,0.0638297872340425,"D11"
"560","GLIS3","Mesenchymal_Stromal",3,0.0638297872340425,"D11"
"561","GLIS3","PFG",1,0.0212765957446809,"D11"
"562","GLIS3","Ductal",1,0.0212765957446809,"D11"
"563","GLIS3","Stromal",1,0.0212765957446809,"D11"
"564","GSC","Stromal",107,0.732876712328767,"D11"
"565","GSC","PP",33,0.226027397260274,"D11"
"566","GSC","Endothelial",4,0.0273972602739726,"D11"
"567","GSC","PFG",1,0.00684931506849315,"D11"
"568","GSC","Mesenchymal_Stromal",1,0.00684931506849315,"D11"
"569","HHEX","Stromal",17,0.653846153846154,"D11"
"570","HHEX","Ductal",3,0.115384615384615,"D11"
"571","HHEX","Endothelial",3,0.115384615384615,"D11"
"572","HHEX","Liver",2,0.0769230769230769,"D11"
"573","HHEX","PP",1,0.0384615384615385,"D11"
"574","HHEXe","Stromal",28,0.417910447761194,"D11"
"575","HHEXe","PP",26,0.388059701492537,"D11"
"576","HHEXe","Ductal",6,0.0895522388059701,"D11"
"577","HHEXe","DE",2,0.0298507462686567,"D11"
"578","HHEXe","Endothelial",2,0.0298507462686567,"D11"
"579","HHEXe","Liver",2,0.0298507462686567,"D11"
"580","HHEXe","EnP",1,0.0149253731343284,"D11"
"581","HHEXhet","Stromal",2,0.666666666666667,"D11"
"582","HHEXhet","Ductal",1,0.333333333333333,"D11"
"583","HNF4A","PP",106,0.716216216216216,"D11"
"584","HNF4A","Stromal",27,0.182432432432432,"D11"
"585","HNF4A","PFG",6,0.0405405405405405,"D11"
"586","HNF4A","Ductal",3,0.0202702702702703,"D11"
"587","HNF4A","EnP",2,0.0135135135135135,"D11"
"588","HNF4A","Mesenchymal_Stromal",2,0.0135135135135135,"D11"
"589","HNF4A","Endothelial",1,0.00675675675675676,"D11"
"590","HNF4A","Liver",1,0.00675675675675676,"D11"
"591","HNF4Ahet","PP",88,0.511627906976744,"D11"
"592","HNF4Ahet","Stromal",64,0.372093023255814,"D11"
"593","HNF4Ahet","Mesenchymal_Stromal",7,0.0406976744186047,"D11"
"594","HNF4Ahet","PFG",5,0.0290697674418605,"D11"
"595","HNF4Ahet","EnP",2,0.0116279069767442,"D11"
"596","HNF4Ahet","Endothelial",2,0.0116279069767442,"D11"
"597","HNF4Ahet","Liver",2,0.0116279069767442,"D11"
"598","HNF4Ahet","ESC",1,0.00581395348837209,"D11"
"599","HNF4Ahet","DE",1,0.00581395348837209,"D11"
"600","KDM2B","PP",3,0.6,"D11"
"601","KDM2B","Liver",2,0.4,"D11"
"602","MNX1","PP",617,0.67579408543264,"D11"
"603","MNX1","Stromal",94,0.102957283680175,"D11"
"604","MNX1","PFG",73,0.0799561883899233,"D11"
"605","MNX1","EnP",56,0.0613362541073384,"D11"
"606","MNX1","Ductal",22,0.0240963855421687,"D11"
"607","MNX1","Mesenchymal_Stromal",22,0.0240963855421687,"D11"
"608","MNX1","ESC",9,0.00985761226725082,"D11"
"609","MNX1","Liver",8,0.00876232201533406,"D11"
"610","MNX1","Endothelial",7,0.00766703176341731,"D11"
"611","MNX1","DE",4,0.00438116100766703,"D11"
"612","MNX1","SC-EC",1,0.00109529025191676,"D11"
"613","NANOGehet","PP",75,0.789473684210526,"D11"
"614","NANOGehet","PFG",8,0.0842105263157895,"D11"
"615","NANOGehet","EnP",4,0.0421052631578947,"D11"
"616","NANOGehet","Liver",4,0.0421052631578947,"D11"
"617","NANOGehet","Ductal",2,0.0210526315789474,"D11"
"618","NANOGehet","ESC",1,0.0105263157894737,"D11"
"619","NANOGehet","Mesenchymal_Stromal",1,0.0105263157894737,"D11"
"620","NEUROD1","PP",236,0.735202492211838,"D11"
"621","NEUROD1","Stromal",40,0.124610591900312,"D11"
"622","NEUROD1","PFG",14,0.043613707165109,"D11"
"623","NEUROD1","EnP",11,0.0342679127725857,"D11"
"624","NEUROD1","Mesenchymal_Stromal",11,0.0342679127725857,"D11"
"625","NEUROD1","Liver",6,0.0186915887850467,"D11"
"626","NEUROD1","ESC",2,0.00623052959501558,"D11"
"627","NEUROD1","Ductal",1,0.00311526479750779,"D11"
"628","NGN3","PP",133,0.777777777777778,"D11"
"629","NGN3","PFG",13,0.0760233918128655,"D11"
"630","NGN3","Stromal",9,0.0526315789473684,"D11"
"631","NGN3","Mesenchymal_Stromal",5,0.0292397660818713,"D11"
"632","NGN3","Ductal",3,0.0175438596491228,"D11"
"633","NGN3","Endothelial",3,0.0175438596491228,"D11"
"634","NGN3","DE",2,0.0116959064327485,"D11"
"635","NGN3","ESC",1,0.00584795321637427,"D11"
"636","NGN3","EnP",1,0.00584795321637427,"D11"
"637","NGN3","Liver",1,0.00584795321637427,"D11"
"638","NKX2-2","PP",714,0.642664266426643,"D11"
"639","NKX2-2","EnP",212,0.190819081908191,"D11"
"640","NKX2-2","PFG",77,0.0693069306930693,"D11"
"641","NKX2-2","Stromal",36,0.0324032403240324,"D11"
"642","NKX2-2","Mesenchymal_Stromal",18,0.0162016201620162,"D11"
"643","NKX2-2","Liver",17,0.0153015301530153,"D11"
"644","NKX2-2","ESC",12,0.0108010801080108,"D11"
"645","NKX2-2","Ductal",8,0.0072007200720072,"D11"
"646","NKX2-2","DE",7,0.0063006300630063,"D11"
"647","NKX2-2","SC-delta",7,0.0063006300630063,"D11"
"648","NKX2-2","Endothelial",2,0.0018001800180018,"D11"
"649","NKX2-2","SC-alpha",1,0.0009000900090009,"D11"
"650","ONECUT1e","PP",130,0.742857142857143,"D11"
"651","ONECUT1e","Stromal",15,0.0857142857142857,"D11"
"652","ONECUT1e","PFG",8,0.0457142857142857,"D11"
"653","ONECUT1e","Mesenchymal_Stromal",5,0.0285714285714286,"D11"
"654","ONECUT1e","Liver",4,0.0228571428571429,"D11"
"655","ONECUT1e","Ductal",3,0.0171428571428571,"D11"
"656","ONECUT1e","Endothelial",3,0.0171428571428571,"D11"
"657","ONECUT1e","ESC",2,0.0114285714285714,"D11"
"658","ONECUT1e","DE",2,0.0114285714285714,"D11"
"659","ONECUT1e","EnP",2,0.0114285714285714,"D11"
"660","ONECUT1e","SC-delta",1,0.00571428571428571,"D11"
"661","OTUD5","PP",209,0.757246376811594,"D11"
"662","OTUD5","PFG",20,0.072463768115942,"D11"
"663","OTUD5","Stromal",18,0.0652173913043478,"D11"
"664","OTUD5","EnP",9,0.0326086956521739,"D11"
"665","OTUD5","Liver",5,0.0181159420289855,"D11"
"666","OTUD5","ESC",3,0.0108695652173913,"D11"
"667","OTUD5","Ductal",3,0.0108695652173913,"D11"
"668","OTUD5","Mesenchymal_Stromal",3,0.0108695652173913,"D11"
"669","OTUD5","DE",2,0.0072463768115942,"D11"
"670","OTUD5","Endothelial",2,0.0072463768115942,"D11"
"671","OTUD5","SC-alpha",1,0.0036231884057971,"D11"
"672","OTUD5","SC-delta",1,0.0036231884057971,"D11"
"673","PAX6","PP",235,0.4249547920434,"D11"
"674","PAX6","EnP",202,0.365280289330922,"D11"
"675","PAX6","Stromal",54,0.0976491862567812,"D11"
"676","PAX6","PFG",26,0.0470162748643761,"D11"
"677","PAX6","Liver",12,0.0216998191681736,"D11"
"678","PAX6","Ductal",9,0.0162748643761302,"D11"
"679","PAX6","ESC",6,0.0108499095840868,"D11"
"680","PAX6","SC-EC",3,0.0054249547920434,"D11"
"681","PAX6","Mesenchymal_Stromal",3,0.0054249547920434,"D11"
"682","PAX6","SC-alpha",2,0.00361663652802893,"D11"
"683","PAX6","Endothelial",1,0.00180831826401447,"D11"
"684","PBX1","PP",46,0.469387755102041,"D11"
"685","PBX1","EnP",34,0.346938775510204,"D11"
"686","PBX1","PFG",10,0.102040816326531,"D11"
"687","PBX1","ESC",2,0.0204081632653061,"D11"
"688","PBX1","SC-delta",2,0.0204081632653061,"D11"
"689","PBX1","Liver",2,0.0204081632653061,"D11"
"690","PBX1","SC-alpha",1,0.0102040816326531,"D11"
"691","PBX1","Ductal",1,0.0102040816326531,"D11"
"692","PDX1","PP",405,0.732368896925859,"D11"
"693","PDX1","PFG",64,0.115732368896926,"D11"
"694","PDX1","Stromal",28,0.0506329113924051,"D11"
"695","PDX1","Ductal",16,0.0289330922242315,"D11"
"696","PDX1","Liver",13,0.0235081374321881,"D11"
"697","PDX1","ESC",10,0.0180831826401447,"D11"
"698","PDX1","DE",8,0.0144665461121157,"D11"
"699","PDX1","EnP",6,0.0108499095840868,"D11"
"700","PDX1","Endothelial",3,0.0054249547920434,"D11"
"701","PDX1het","PP",4,0.8,"D11"
"702","PDX1het","Mesenchymal_Stromal",1,0.2,"D11"
"703","PROSER1","PP",154,0.870056497175141,"D11"
"704","PROSER1","PFG",4,0.0225988700564972,"D11"
"705","PROSER1","EnP",4,0.0225988700564972,"D11"
"706","PROSER1","Stromal",4,0.0225988700564972,"D11"
"707","PROSER1","Liver",4,0.0225988700564972,"D11"
"708","PROSER1","Mesenchymal_Stromal",3,0.0169491525423729,"D11"
"709","PROSER1","SC-alpha",2,0.0112994350282486,"D11"
"710","PROSER1","Ductal",2,0.0112994350282486,"D11"
"711","QSER1","PP",45,0.633802816901408,"D11"
"712","QSER1","Stromal",7,0.0985915492957746,"D11"
"713","QSER1","Liver",6,0.0845070422535211,"D11"
"714","QSER1","EnP",4,0.0563380281690141,"D11"
"715","QSER1","PFG",3,0.0422535211267606,"D11"
"716","QSER1","Ductal",3,0.0422535211267606,"D11"
"717","QSER1","Mesenchymal_Stromal",2,0.028169014084507,"D11"
"718","QSER1","Endothelial",1,0.0140845070422535,"D11"
"719","QSER1TET1","PP",24,0.631578947368421,"D11"
"720","QSER1TET1","Liver",4,0.105263157894737,"D11"
"721","QSER1TET1","Stromal",3,0.0789473684210526,"D11"
"722","QSER1TET1","PFG",2,0.0526315789473684,"D11"
"723","QSER1TET1","EnP",2,0.0526315789473684,"D11"
"724","QSER1TET1","Endothelial",2,0.0526315789473684,"D11"
"725","QSER1TET1","Ductal",1,0.0263157894736842,"D11"
"726","RFX6","PP",172,0.612099644128114,"D11"
"727","RFX6","Stromal",34,0.120996441281139,"D11"
"728","RFX6","EnP",33,0.117437722419929,"D11"
"729","RFX6","PFG",22,0.0782918149466192,"D11"
"730","RFX6","Ductal",8,0.0284697508896797,"D11"
"731","RFX6","Mesenchymal_Stromal",4,0.0142348754448399,"D11"
"732","RFX6","ESC",3,0.0106761565836299,"D11"
"733","RFX6","Liver",3,0.0106761565836299,"D11"
"734","RFX6","DE",1,0.00355871886120996,"D11"
"735","RFX6","Endothelial",1,0.00355871886120996,"D11"
"736","TADA2B","PP",72,0.421052631578947,"D11"
"737","TADA2B","PFG",55,0.321637426900585,"D11"
"738","TADA2B","ESC",15,0.087719298245614,"D11"
"739","TADA2B","Liver",13,0.0760233918128655,"D11"
"740","TADA2B","DE",6,0.0350877192982456,"D11"
"741","TADA2B","EnP",3,0.0175438596491228,"D11"
"742","TADA2B","Ductal",3,0.0175438596491228,"D11"
"743","TADA2B","Mesenchymal_Stromal",3,0.0175438596491228,"D11"
"744","TADA2B","Stromal",1,0.00584795321637427,"D11"
"745","TET1","PP",147,0.84,"D11"
"746","TET1","Stromal",7,0.04,"D11"
"747","TET1","PFG",6,0.0342857142857143,"D11"
"748","TET1","EnP",4,0.0228571428571429,"D11"
"749","TET1","Mesenchymal_Stromal",3,0.0171428571428571,"D11"
"750","TET1","Liver",3,0.0171428571428571,"D11"
"751","TET1","ESC",2,0.0114285714285714,"D11"
"752","TET1","SC-alpha",1,0.00571428571428571,"D11"
"753","TET1","Ductal",1,0.00571428571428571,"D11"
"754","TET1","Endothelial",1,0.00571428571428571,"D11"
"755","TET1/2/3","PP",63,0.759036144578313,"D11"
"756","TET1/2/3","PFG",8,0.0963855421686747,"D11"
"757","TET1/2/3","EnP",7,0.0843373493975904,"D11"
"758","TET1/2/3","Ductal",2,0.0240963855421687,"D11"
"759","TET1/2/3","ESC",1,0.0120481927710843,"D11"
"760","TET1/2/3","Stromal",1,0.0120481927710843,"D11"
"761","TET1/2/3","Liver",1,0.0120481927710843,"D11"
"762","TLE3","PP",220,0.634005763688761,"D11"
"763","TLE3","Stromal",33,0.0951008645533141,"D11"
"764","TLE3","EnP",25,0.0720461095100865,"D11"
"765","TLE3","SC-alpha",22,0.0634005763688761,"D11"
"766","TLE3","PFG",18,0.0518731988472622,"D11"
"767","TLE3","Liver",10,0.0288184438040346,"D11"
"768","TLE3","Mesenchymal_Stromal",9,0.0259365994236311,"D11"
"769","TLE3","Ductal",6,0.0172910662824208,"D11"
"770","TLE3","Endothelial",2,0.00576368876080692,"D11"
"771","TLE3","ESC",1,0.00288184438040346,"D11"
"772","TLE3","DE",1,0.00288184438040346,"D11"
"773","WT","PP",2822,0.761262476396008,"D11"
"774","WT","EnP",475,0.128135958996493,"D11"
"775","WT","Mesenchymal_Stromal",124,0.0334502292959266,"D11"
"776","WT","PFG",90,0.0242783922309145,"D11"
"777","WT","Liver",73,0.0196924736984084,"D11"
"778","WT","Stromal",37,0.00998111680604262,"D11"
"779","WT","Ductal",27,0.00728351766927435,"D11"
"780","WT","ESC",23,0.00620447801456704,"D11"
"781","WT","DE",10,0.00269759913676828,"D11"
"782","WT","SC-alpha",10,0.00269759913676828,"D11"
"783","WT","SC-EC",6,0.00161855948206097,"D11"
"784","WT","SC-delta",4,0.00107903965470731,"D11"
"785","WT","Endothelial",4,0.00107903965470731,"D11"
"786","WT","SC-beta",2,0.000539519827353655,"D11"
"787","ARX","Ductal",117,0.253246753246753,"D18"
"788","ARX","EnP",87,0.188311688311688,"D18"
"789","ARX","SC-beta",75,0.162337662337662,"D18"
"790","ARX","SC-EC",70,0.151515151515152,"D18"
"791","ARX","Stromal",61,0.132034632034632,"D18"
"792","ARX","SC-delta",22,0.0476190476190476,"D18"
"793","ARX","Liver",15,0.0324675324675325,"D18"
"794","ARX","PP",12,0.025974025974026,"D18"
"795","ARX","SC-alpha",3,0.00649350649350649,"D18"
"796","BCOR","Ductal",239,0.391162029459902,"D18"
"797","BCOR","SC-beta",142,0.23240589198036,"D18"
"798","BCOR","SC-alpha",85,0.13911620294599,"D18"
"799","BCOR","SC-EC",72,0.117839607201309,"D18"
"800","BCOR","EnP",25,0.0409165302782324,"D18"
"801","BCOR","PP",18,0.0294599018003273,"D18"
"802","BCOR","Stromal",13,0.0212765957446809,"D18"
"803","BCOR","Liver",8,0.0130932896890344,"D18"
"804","BCOR","SC-delta",5,0.00818330605564648,"D18"
"805","BCOR","DE",4,0.00654664484451719,"D18"
"806","BMPR1A","Ductal",202,0.922374429223744,"D18"
"807","BMPR1A","SC-alpha",10,0.045662100456621,"D18"
"808","BMPR1A","EnP",4,0.0182648401826484,"D18"
"809","BMPR1A","ESC",1,0.0045662100456621,"D18"
"810","BMPR1A","DE",1,0.0045662100456621,"D18"
"811","BMPR1A","SC-EC",1,0.0045662100456621,"D18"
"812","FOXA1","SC-beta",417,0.309117865085248,"D18"
"813","FOXA1","Ductal",238,0.176426982950334,"D18"
"814","FOXA1","SC-EC",216,0.160118606375093,"D18"
"815","FOXA1","SC-alpha",207,0.15344699777613,"D18"
"816","FOXA1","Stromal",141,0.104521868050408,"D18"
"817","FOXA1","EnP",63,0.0467012601927354,"D18"
"818","FOXA1","SC-delta",45,0.033358042994811,"D18"
"819","FOXA1","Liver",11,0.00815418828762046,"D18"
"820","FOXA1","PP",8,0.00593031875463306,"D18"
"821","FOXA1","PFG",2,0.00148257968865827,"D18"
"822","FOXA1","DE",1,0.000741289844329133,"D18"
"823","FOXA2","Liver",99,0.358695652173913,"D18"
"824","FOXA2","Stromal",62,0.22463768115942,"D18"
"825","FOXA2","Ductal",58,0.210144927536232,"D18"
"826","FOXA2","SC-alpha",19,0.0688405797101449,"D18"
"827","FOXA2","EnP",13,0.0471014492753623,"D18"
"828","FOXA2","SC-beta",13,0.0471014492753623,"D18"
"829","FOXA2","SC-EC",9,0.0326086956521739,"D18"
"830","FOXA2","SC-delta",2,0.0072463768115942,"D18"
"831","FOXA2","ESC",1,0.0036231884057971,"D18"
"832","GATA4","Ductal",188,0.737254901960784,"D18"
"833","GATA4","SC-alpha",33,0.129411764705882,"D18"
"834","GATA4","Stromal",20,0.0784313725490196,"D18"
"835","GATA4","EnP",7,0.0274509803921569,"D18"
"836","GATA4","SC-EC",2,0.00784313725490196,"D18"
"837","GATA4","Liver",2,0.00784313725490196,"D18"
"838","GATA4","DE",1,0.00392156862745098,"D18"
"839","GATA4","PP",1,0.00392156862745098,"D18"
"840","GATA4","SC-beta",1,0.00392156862745098,"D18"
"841","GATA4het","Ductal",297,0.645652173913044,"D18"
"842","GATA4het","SC-alpha",62,0.134782608695652,"D18"
"843","GATA4het","Stromal",45,0.0978260869565217,"D18"
"844","GATA4het","EnP",24,0.0521739130434783,"D18"
"845","GATA4het","SC-beta",18,0.0391304347826087,"D18"
"846","GATA4het","SC-EC",9,0.0195652173913043,"D18"
"847","GATA4het","Liver",3,0.00652173913043478,"D18"
"848","GATA4het","ESC",1,0.00217391304347826,"D18"
"849","GATA4het","SC-delta",1,0.00217391304347826,"D18"
"850","GATA6","Ductal",56,0.682926829268293,"D18"
"851","GATA6","Stromal",19,0.231707317073171,"D18"
"852","GATA6","SC-beta",2,0.024390243902439,"D18"
"853","GATA6","ESC",1,0.0121951219512195,"D18"
"854","GATA6","DE",1,0.0121951219512195,"D18"
"855","GATA6","EnP",1,0.0121951219512195,"D18"
"856","GATA6","SC-EC",1,0.0121951219512195,"D18"
"857","GATA6","Liver",1,0.0121951219512195,"D18"
"858","GATA6het","Ductal",133,0.399399399399399,"D18"
"859","GATA6het","SC-beta",58,0.174174174174174,"D18"
"860","GATA6het","SC-EC",51,0.153153153153153,"D18"
"861","GATA6het","SC-alpha",36,0.108108108108108,"D18"
"862","GATA6het","EnP",27,0.0810810810810811,"D18"
"863","GATA6het","Stromal",21,0.0630630630630631,"D18"
"864","GATA6het","Liver",4,0.012012012012012,"D18"
"865","GATA6het","SC-delta",2,0.00600600600600601,"D18"
"866","GATA6het","PP",1,0.003003003003003,"D18"
"867","GLIS3","Ductal",14,0.358974358974359,"D18"
"868","GLIS3","SC-EC",13,0.333333333333333,"D18"
"869","GLIS3","EnP",8,0.205128205128205,"D18"
"870","GLIS3","Stromal",2,0.0512820512820513,"D18"
"871","GLIS3","DE",1,0.0256410256410256,"D18"
"872","GLIS3","SC-beta",1,0.0256410256410256,"D18"
"873","GSC","Stromal",120,0.451127819548872,"D18"
"874","GSC","Ductal",48,0.180451127819549,"D18"
"875","GSC","SC-beta",31,0.116541353383459,"D18"
"876","GSC","SC-alpha",30,0.112781954887218,"D18"
"877","GSC","SC-EC",24,0.0902255639097744,"D18"
"878","GSC","EnP",8,0.0300751879699248,"D18"
"879","GSC","Liver",4,0.0150375939849624,"D18"
"880","GSC","PP",1,0.0037593984962406,"D18"
"881","HHEX","Stromal",13,0.65,"D18"
"882","HHEX","Ductal",4,0.2,"D18"
"883","HHEX","Liver",3,0.15,"D18"
"884","HHEXe","Ductal",57,0.448818897637795,"D18"
"885","HHEXe","Stromal",25,0.196850393700787,"D18"
"886","HHEXe","SC-alpha",11,0.0866141732283465,"D18"
"887","HHEXe","SC-EC",9,0.0708661417322835,"D18"
"888","HHEXe","SC-beta",9,0.0708661417322835,"D18"
"889","HHEXe","EnP",7,0.0551181102362205,"D18"
"890","HHEXe","Liver",6,0.047244094488189,"D18"
"891","HHEXe","SC-delta",2,0.015748031496063,"D18"
"892","HHEXe","PP",1,0.0078740157480315,"D18"
"893","HHEXhet","Stromal",2,0.5,"D18"
"894","HHEXhet","SC-alpha",1,0.25,"D18"
"895","HHEXhet","Liver",1,0.25,"D18"
"896","HNF4A","Ductal",125,0.40453074433657,"D18"
"897","HNF4A","SC-beta",64,0.207119741100324,"D18"
"898","HNF4A","SC-alpha",45,0.145631067961165,"D18"
"899","HNF4A","SC-EC",26,0.0841423948220065,"D18"
"900","HNF4A","Stromal",26,0.0841423948220065,"D18"
"901","HNF4A","EnP",15,0.0485436893203883,"D18"
"902","HNF4A","PFG",2,0.00647249190938511,"D18"
"903","HNF4A","PP",2,0.00647249190938511,"D18"
"904","HNF4A","Liver",2,0.00647249190938511,"D18"
"905","HNF4A","ESC",1,0.00323624595469256,"D18"
"906","HNF4A","DE",1,0.00323624595469256,"D18"
"907","HNF4Ahet","Ductal",125,0.471698113207547,"D18"
"908","HNF4Ahet","SC-beta",61,0.230188679245283,"D18"
"909","HNF4Ahet","SC-alpha",27,0.10188679245283,"D18"
"910","HNF4Ahet","SC-EC",26,0.0981132075471698,"D18"
"911","HNF4Ahet","Stromal",12,0.0452830188679245,"D18"
"912","HNF4Ahet","EnP",9,0.0339622641509434,"D18"
"913","HNF4Ahet","SC-delta",2,0.00754716981132075,"D18"
"914","HNF4Ahet","Liver",2,0.00754716981132075,"D18"
"915","HNF4Ahet","PFG",1,0.00377358490566038,"D18"
"916","KDM2B","Ductal",2,0.4,"D18"
"917","KDM2B","SC-beta",1,0.2,"D18"
"918","KDM2B","SC-delta",1,0.2,"D18"
"919","KDM2B","Liver",1,0.2,"D18"
"920","MNX1","Ductal",588,0.288943488943489,"D18"
"921","MNX1","EnP",472,0.231941031941032,"D18"
"922","MNX1","SC-alpha",282,0.138574938574939,"D18"
"923","MNX1","SC-EC",238,0.116953316953317,"D18"
"924","MNX1","Stromal",235,0.115479115479115,"D18"
"925","MNX1","SC-delta",170,0.0835380835380835,"D18"
"926","MNX1","PP",16,0.00786240786240786,"D18"
"927","MNX1","Liver",13,0.00638820638820639,"D18"
"928","MNX1","DE",9,0.00442260442260442,"D18"
"929","MNX1","SC-beta",5,0.00245700245700246,"D18"
"930","MNX1","ESC",3,0.00147420147420147,"D18"
"931","MNX1","PFG",3,0.00147420147420147,"D18"
"932","MNX1","Mesenchymal_Stromal",1,0.000491400491400491,"D18"
"933","NANOGehet","Ductal",147,0.513986013986014,"D18"
"934","NANOGehet","SC-alpha",38,0.132867132867133,"D18"
"935","NANOGehet","SC-EC",36,0.125874125874126,"D18"
"936","NANOGehet","SC-beta",35,0.122377622377622,"D18"
"937","NANOGehet","EnP",20,0.0699300699300699,"D18"
"938","NANOGehet","SC-delta",6,0.020979020979021,"D18"
"939","NANOGehet","Stromal",2,0.00699300699300699,"D18"
"940","NANOGehet","ESC",1,0.0034965034965035,"D18"
"941","NANOGehet","PP",1,0.0034965034965035,"D18"
"942","NEUROD1","SC-beta",460,0.405286343612335,"D18"
"943","NEUROD1","Ductal",329,0.289867841409692,"D18"
"944","NEUROD1","SC-alpha",148,0.130396475770925,"D18"
"945","NEUROD1","EnP",66,0.0581497797356828,"D18"
"946","NEUROD1","SC-EC",50,0.0440528634361234,"D18"
"947","NEUROD1","Stromal",46,0.0405286343612335,"D18"
"948","NEUROD1","SC-delta",19,0.0167400881057269,"D18"
"949","NEUROD1","PP",9,0.0079295154185022,"D18"
"950","NEUROD1","Liver",7,0.00616740088105727,"D18"
"951","NEUROD1","PFG",1,0.000881057268722467,"D18"
"952","NGN3","Ductal",357,0.82830626450116,"D18"
"953","NGN3","Stromal",33,0.0765661252900232,"D18"
"954","NGN3","PP",13,0.0301624129930394,"D18"
"955","NGN3","Liver",10,0.0232018561484919,"D18"
"956","NGN3","PFG",5,0.0116009280742459,"D18"
"957","NGN3","ESC",4,0.00928074245939675,"D18"
"958","NGN3","EnP",3,0.00696055684454756,"D18"
"959","NGN3","DE",2,0.00464037122969838,"D18"
"960","NGN3","SC-delta",2,0.00464037122969838,"D18"
"961","NGN3","SC-EC",1,0.00232018561484919,"D18"
"962","NGN3","SC-alpha",1,0.00232018561484919,"D18"
"963","NKX2-2","Ductal",457,0.502750275027503,"D18"
"964","NKX2-2","SC-alpha",201,0.221122112211221,"D18"
"965","NKX2-2","EnP",100,0.11001100110011,"D18"
"966","NKX2-2","Stromal",66,0.0726072607260726,"D18"
"967","NKX2-2","SC-delta",41,0.0451045104510451,"D18"
"968","NKX2-2","SC-EC",18,0.0198019801980198,"D18"
"969","NKX2-2","PP",11,0.0121012101210121,"D18"
"970","NKX2-2","SC-beta",9,0.0099009900990099,"D18"
"971","NKX2-2","DE",2,0.0022002200220022,"D18"
"972","NKX2-2","PFG",2,0.0022002200220022,"D18"
"973","NKX2-2","Liver",2,0.0022002200220022,"D18"
"974","ONECUT1e","Ductal",122,0.325333333333333,"D18"
"975","ONECUT1e","SC-beta",93,0.248,"D18"
"976","ONECUT1e","SC-alpha",61,0.162666666666667,"D18"
"977","ONECUT1e","SC-EC",43,0.114666666666667,"D18"
"978","ONECUT1e","EnP",35,0.0933333333333333,"D18"
"979","ONECUT1e","Stromal",10,0.0266666666666667,"D18"
"980","ONECUT1e","SC-delta",7,0.0186666666666667,"D18"
"981","ONECUT1e","PP",2,0.00533333333333333,"D18"
"982","ONECUT1e","PFG",1,0.00266666666666667,"D18"
"983","ONECUT1e","Liver",1,0.00266666666666667,"D18"
"984","OTUD5","Ductal",187,0.373253493013972,"D18"
"985","OTUD5","SC-beta",97,0.193612774451098,"D18"
"986","OTUD5","SC-EC",79,0.157684630738523,"D18"
"987","OTUD5","SC-alpha",67,0.13373253493014,"D18"
"988","OTUD5","EnP",28,0.0558882235528942,"D18"
"989","OTUD5","Stromal",20,0.0399201596806387,"D18"
"990","OTUD5","SC-delta",9,0.0179640718562874,"D18"
"991","OTUD5","Liver",8,0.0159680638722555,"D18"
"992","OTUD5","PP",5,0.00998003992015968,"D18"
"993","OTUD5","DE",1,0.00199600798403194,"D18"
"994","PAX6","SC-EC",438,0.431952662721893,"D18"
"995","PAX6","EnP",316,0.31163708086785,"D18"
"996","PAX6","Ductal",149,0.146942800788955,"D18"
"997","PAX6","Stromal",40,0.0394477317554241,"D18"
"998","PAX6","SC-alpha",37,0.0364891518737673,"D18"
"999","PAX6","SC-delta",21,0.0207100591715976,"D18"
"1000","PAX6","Liver",7,0.00690335305719921,"D18"
"1001","PAX6","PP",4,0.00394477317554241,"D18"
"1002","PAX6","SC-beta",2,0.0019723865877712,"D18"
"1003","PBX1","SC-EC",148,0.451219512195122,"D18"
"1004","PBX1","SC-alpha",44,0.134146341463415,"D18"
"1005","PBX1","EnP",35,0.106707317073171,"D18"
"1006","PBX1","Stromal",28,0.0853658536585366,"D18"
"1007","PBX1","Ductal",26,0.0792682926829268,"D18"
"1008","PBX1","SC-beta",24,0.0731707317073171,"D18"
"1009","PBX1","PP",17,0.0518292682926829,"D18"
"1010","PBX1","SC-delta",3,0.00914634146341463,"D18"
"1011","PBX1","Liver",2,0.00609756097560976,"D18"
"1012","PBX1","PFG",1,0.00304878048780488,"D18"
"1013","PDX1","SC-EC",1421,0.428141006327207,"D18"
"1014","PDX1","Ductal",1157,0.348598975595059,"D18"
"1015","PDX1","EnP",285,0.0858692377222055,"D18"
"1016","PDX1","SC-alpha",273,0.0822536908707442,"D18"
"1017","PDX1","PP",80,0.0241036456764086,"D18"
"1018","PDX1","PFG",33,0.00994275384151853,"D18"
"1019","PDX1","SC-beta",22,0.00662850256101235,"D18"
"1020","PDX1","Liver",17,0.00512202470623682,"D18"
"1021","PDX1","SC-delta",9,0.00271166013859596,"D18"
"1022","PDX1","ESC",8,0.00241036456764086,"D18"
"1023","PDX1","DE",8,0.00241036456764086,"D18"
"1024","PDX1","Stromal",6,0.00180777342573064,"D18"
"1025","PDX1het","SC-EC",4,0.571428571428571,"D18"
"1026","PDX1het","EnP",2,0.285714285714286,"D18"
"1027","PDX1het","SC-beta",1,0.142857142857143,"D18"
"1028","PROSER1","Ductal",649,0.600370027752081,"D18"
"1029","PROSER1","SC-EC",121,0.111933395004625,"D18"
"1030","PROSER1","SC-alpha",86,0.0795559666975023,"D18"
"1031","PROSER1","PP",64,0.059204440333025,"D18"
"1032","PROSER1","EnP",63,0.0582793709528215,"D18"
"1033","PROSER1","SC-beta",59,0.0545790934320074,"D18"
"1034","PROSER1","DE",14,0.0129509713228492,"D18"
"1035","PROSER1","Liver",12,0.0111008325624422,"D18"
"1036","PROSER1","SC-delta",5,0.00462534690101758,"D18"
"1037","PROSER1","Stromal",5,0.00462534690101758,"D18"
"1038","PROSER1","ESC",2,0.00185013876040703,"D18"
"1039","PROSER1","PFG",1,0.000925069380203515,"D18"
"1040","QSER1","Ductal",111,0.393617021276596,"D18"
"1041","QSER1","SC-EC",44,0.156028368794326,"D18"
"1042","QSER1","SC-alpha",33,0.117021276595745,"D18"
"1043","QSER1","SC-beta",33,0.117021276595745,"D18"
"1044","QSER1","EnP",16,0.0567375886524823,"D18"
"1045","QSER1","Stromal",16,0.0567375886524823,"D18"
"1046","QSER1","PP",13,0.0460992907801418,"D18"
"1047","QSER1","Liver",12,0.0425531914893617,"D18"
"1048","QSER1","DE",3,0.0106382978723404,"D18"
"1049","QSER1","SC-delta",1,0.00354609929078014,"D18"
"1050","QSER1TET1","SC-alpha",39,0.317073170731707,"D18"
"1051","QSER1TET1","SC-EC",20,0.16260162601626,"D18"
"1052","QSER1TET1","Stromal",17,0.138211382113821,"D18"
"1053","QSER1TET1","Liver",16,0.130081300813008,"D18"
"1054","QSER1TET1","EnP",15,0.121951219512195,"D18"
"1055","QSER1TET1","SC-delta",9,0.0731707317073171,"D18"
"1056","QSER1TET1","SC-beta",3,0.024390243902439,"D18"
"1057","QSER1TET1","Ductal",3,0.024390243902439,"D18"
"1058","QSER1TET1","DE",1,0.00813008130081301,"D18"
"1059","RFX6","Ductal",369,0.641739130434783,"D18"
"1060","RFX6","EnP",82,0.142608695652174,"D18"
"1061","RFX6","SC-EC",54,0.0939130434782609,"D18"
"1062","RFX6","Liver",22,0.0382608695652174,"D18"
"1063","RFX6","Stromal",20,0.0347826086956522,"D18"
"1064","RFX6","SC-beta",8,0.0139130434782609,"D18"
"1065","RFX6","SC-alpha",7,0.0121739130434783,"D18"
"1066","RFX6","PP",5,0.00869565217391304,"D18"
"1067","RFX6","DE",3,0.00521739130434783,"D18"
"1068","RFX6","PFG",3,0.00521739130434783,"D18"
"1069","RFX6","SC-delta",2,0.00347826086956522,"D18"
"1070","TADA2B","SC-alpha",172,0.444444444444444,"D18"
"1071","TADA2B","SC-EC",92,0.237726098191214,"D18"
"1072","TADA2B","EnP",68,0.175710594315245,"D18"
"1073","TADA2B","Ductal",40,0.103359173126615,"D18"
"1074","TADA2B","SC-beta",7,0.0180878552971576,"D18"
"1075","TADA2B","Liver",3,0.00775193798449612,"D18"
"1076","TADA2B","PP",2,0.00516795865633075,"D18"
"1077","TADA2B","SC-delta",2,0.00516795865633075,"D18"
"1078","TADA2B","PFG",1,0.00258397932816537,"D18"
"1079","TET1","SC-alpha",58,0.236734693877551,"D18"
"1080","TET1","Ductal",52,0.212244897959184,"D18"
"1081","TET1","SC-EC",50,0.204081632653061,"D18"
"1082","TET1","SC-beta",43,0.175510204081633,"D18"
"1083","TET1","EnP",15,0.0612244897959184,"D18"
"1084","TET1","Stromal",15,0.0612244897959184,"D18"
"1085","TET1","SC-delta",5,0.0204081632653061,"D18"
"1086","TET1","Liver",5,0.0204081632653061,"D18"
"1087","TET1","ESC",1,0.00408163265306122,"D18"
"1088","TET1","PP",1,0.00408163265306122,"D18"
"1089","TET1/2/3","Ductal",110,0.445344129554656,"D18"
"1090","TET1/2/3","SC-alpha",65,0.263157894736842,"D18"
"1091","TET1/2/3","SC-beta",44,0.178137651821862,"D18"
"1092","TET1/2/3","EnP",9,0.0364372469635627,"D18"
"1093","TET1/2/3","SC-EC",9,0.0364372469635627,"D18"
"1094","TET1/2/3","PP",3,0.0121457489878543,"D18"
"1095","TET1/2/3","SC-delta",3,0.0121457489878543,"D18"
"1096","TET1/2/3","ESC",1,0.00404858299595142,"D18"
"1097","TET1/2/3","DE",1,0.00404858299595142,"D18"
"1098","TET1/2/3","PFG",1,0.00404858299595142,"D18"
"1099","TET1/2/3","Stromal",1,0.00404858299595142,"D18"
"1100","TLE3","SC-alpha",523,0.347277556440903,"D18"
"1101","TLE3","Ductal",343,0.227755644090305,"D18"
"1102","TLE3","EnP",216,0.143426294820717,"D18"
"1103","TLE3","SC-beta",173,0.114873837981408,"D18"
"1104","TLE3","SC-EC",153,0.101593625498008,"D18"
"1105","TLE3","Stromal",44,0.0292164674634794,"D18"
"1106","TLE3","SC-delta",34,0.0225763612217795,"D18"
"1107","TLE3","Liver",10,0.00664010624169987,"D18"
"1108","TLE3","DE",4,0.00265604249667995,"D18"
"1109","TLE3","PFG",3,0.00199203187250996,"D18"
"1110","TLE3","PP",3,0.00199203187250996,"D18"
"1111","WT","Ductal",4129,0.250409363818303,"D18"
"1112","WT","SC-EC",3545,0.214991812723634,"D18"
"1113","WT","SC-beta",3391,0.205652253017163,"D18"
"1114","WT","EnP",2184,0.132451937655407,"D18"
"1115","WT","SC-alpha",2018,0.12238462004973,"D18"
"1116","WT","Liver",361,0.0218933834677664,"D18"
"1117","WT","SC-delta",319,0.019346230820547,"D18"
"1118","WT","PP",219,0.0132815816605009,"D18"
"1119","WT","Stromal",146,0.00885438777366729,"D18"
"1120","WT","Mesenchymal_Stromal",75,0.00454848687003457,"D18"
"1121","WT","DE",42,0.00254715264721936,"D18"
"1122","WT","ESC",37,0.00224392018921705,"D18"
"1123","WT","PFG",15,0.000909697374006914,"D18"
"1124","WT","Endothelial",7,0.000424525441203226,"D18"
"1125","WT","PGT",1,6.06464916004609e-05,"D18"
